{
  "GPT-4o": {
    "aggregate": 0.6645071912414214,
    "dimensions": {
      "VK": 0.7718325437220631,
      "TI": 0.6985711313539967,
      "SC": 0.7942870029199888,
      "IR": 0.67770356598334,
      "CG": 0.5153705427809755,
      "FA": 0.6975379773010734,
      "SA": 0.4962475746285132
    },
    "gaps": 5
  },
  "Claude-3.5": {
    "aggregate": 0.6616193519096338,
    "dimensions": {
      "VK": 0.7600727646845421,
      "TI": 0.7118494388208229,
      "SC": 0.7878663057803376,
      "IR": 0.6377648246168572,
      "CG": 0.5370841283112715,
      "FA": 0.6857320227614045,
      "SA": 0.510965978392202
    },
    "gaps": 4
  },
  "Gemini-1.5": {
    "aggregate": 0.6152286361353679,
    "dimensions": {
      "VK": 0.704878002597379,
      "TI": 0.6874662035241469,
      "SC": 0.7116010077810989,
      "IR": 0.6147605598319834,
      "CG": 0.47592757263163277,
      "FA": 0.6564146951642383,
      "SA": 0.45555241141709657
    },
    "gaps": 5
  },
  "Llama-3-70B": {
    "aggregate": 0.5156581495800057,
    "dimensions": {
      "VK": 0.6270784126427893,
      "TI": 0.5994356395492557,
      "SC": 0.6610073787534353,
      "IR": 0.3810019407213204,
      "CG": 0.4217966127504634,
      "FA": 0.5255067671506588,
      "SA": 0.39378029549211746
    },
    "gaps": 7
  },
  "DeepSeek-V2": {
    "aggregate": 0.5307323496679938,
    "dimensions": {
      "VK": 0.653158920443123,
      "TI": 0.5956456105845055,
      "SC": 0.6769595784079189,
      "IR": 0.41660275410519726,
      "CG": 0.444530754410544,
      "FA": 0.5197100252199852,
      "SA": 0.40851880450468303
    },
    "gaps": 7
  },
  "Mixtral-8x22B": {
    "aggregate": 0.4858059492268772,
    "dimensions": {
      "VK": 0.5775524939682446,
      "TI": 0.5650067342936487,
      "SC": 0.6161650051892504,
      "IR": 0.3417943283928928,
      "CG": 0.3846138230733752,
      "FA": 0.5246698463582258,
      "SA": 0.3908394133125031
    },
    "gaps": 7
  },
  "Qwen-2": {
    "aggregate": 0.5147683027357346,
    "dimensions": {
      "VK": 0.6409149233993205,
      "TI": 0.5622390457926655,
      "SC": 0.6467699440147086,
      "IR": 0.4042972385912223,
      "CG": 0.40826146391632956,
      "FA": 0.5386458742677516,
      "SA": 0.402249629168144
    },
    "gaps": 7
  },
  "CodeLlama-34B": {
    "aggregate": 0.43001389034888693,
    "dimensions": {
      "VK": 0.5381760360140356,
      "TI": 0.47102010549039314,
      "SC": 0.6077390660917433,
      "IR": 0.3226427560874269,
      "CG": 0.3265983711866523,
      "FA": 0.40621313632275685,
      "SA": 0.33770776124920054
    },
    "gaps": 7
  },
  "GPT-3.5": {
    "aggregate": 0.48487525982024315,
    "dimensions": {
      "VK": 0.5996565304562314,
      "TI": 0.5314668446840443,
      "SC": 0.562285355601056,
      "IR": 0.41339049045645027,
      "CG": 0.39617503363926954,
      "FA": 0.49961397816385006,
      "SA": 0.39153858574080047
    },
    "gaps": 7
  },
  "Phi-3": {
    "aggregate": 0.4061813603937212,
    "dimensions": {
      "VK": 0.5051922160055807,
      "TI": 0.44046615950527773,
      "SC": 0.5713696131823444,
      "IR": 0.3066573546546657,
      "CG": 0.3408050278585938,
      "FA": 0.405059696317492,
      "SA": 0.2737194552320943
    },
    "gaps": 7
  }
}