{
  "model_scores": {
    "GPT-4o": [
      78.3,
      74.2,
      81.4,
      68.7,
      52.7,
      71.2,
      48.2
    ],
    "Claude-3.5": [
      76.1,
      72.8,
      79.2,
      66.4,
      54.3,
      69.8,
      50.1
    ],
    "Gemini-1.5": [
      71.4,
      67.3,
      72.8,
      59.2,
      48.7,
      63.4,
      44.8
    ],
    "DeepSeek-V2": [
      66.3,
      61.4,
      68.7,
      43.8,
      44.1,
      56.2,
      42.8
    ],
    "Llama-3-70B": [
      64.8,
      58.2,
      67.4,
      39.1,
      42.3,
      54.7,
      41.2
    ],
    "Qwen-2": [
      62.4,
      57.1,
      65.3,
      38.7,
      41.4,
      52.8,
      40.1
    ],
    "Mixtral-8x22B": [
      61.2,
      55.8,
      64.1,
      37.4,
      40.8,
      51.3,
      39.4
    ],
    "GPT-3.5": [
      58.1,
      53.7,
      59.4,
      42.3,
      39.2,
      48.7,
      37.8
    ],
    "Llama-3-8B": [
      56.7,
      44.3,
      62.1,
      31.2,
      34.8,
      43.1,
      35.7
    ],
    "Phi-3": [
      51.3,
      42.8,
      54.7,
      28.4,
      33.1,
      39.2,
      31.4
    ]
  },
  "format_scores": {
    "GPT-4o": {
      "MCQ": 79.1,
      "Code": 74.8,
      "Scenario": 65.3,
      "Open-Ended": 58.7
    },
    "Claude-3.5": {
      "MCQ": 77.4,
      "Code": 73.2,
      "Scenario": 64.1,
      "Open-Ended": 57.9
    },
    "Gemini-1.5": {
      "MCQ": 72.6,
      "Code": 67.4,
      "Scenario": 57.8,
      "Open-Ended": 49.3
    },
    "DeepSeek-V2": {
      "MCQ": 67.3,
      "Code": 62.1,
      "Scenario": 50.4,
      "Open-Ended": 42.8
    },
    "Llama-3-70B": {
      "MCQ": 65.8,
      "Code": 59.7,
      "Scenario": 48.2,
      "Open-Ended": 40.1
    }
  },
  "aggregate_scores": {
    "GPT-4o": 67.81428571428572,
    "Claude-3.5": 66.95714285714287,
    "Gemini-1.5": 61.08571428571428,
    "DeepSeek-V2": 54.75714285714286,
    "Llama-3-70B": 52.528571428571425,
    "Qwen-2": 51.114285714285714,
    "Mixtral-8x22B": 50.0,
    "GPT-3.5": 48.457142857142856,
    "Llama-3-8B": 43.98571428571428,
    "Phi-3": 40.128571428571426
  },
  "dimension_stats": {
    "VK": {
      "mean": 64.66,
      "std": 8.167153726972451,
      "min": 51.3,
      "max": 78.3,
      "median": 63.599999999999994
    },
    "TI": {
      "mean": 58.75999999999999,
      "std": 10.082975751235347,
      "min": 42.8,
      "max": 74.2,
      "median": 57.650000000000006
    },
    "SC": {
      "mean": 67.51,
      "std": 7.9664860509511985,
      "min": 54.7,
      "max": 81.4,
      "median": 66.35
    },
    "IR": {
      "mean": 45.519999999999996,
      "std": 13.511387789564774,
      "min": 28.4,
      "max": 68.7,
      "median": 40.7
    },
    "CG": {
      "mean": 43.14,
      "std": 6.654802776942379,
      "min": 33.1,
      "max": 54.3,
      "median": 41.849999999999994
    },
    "FA": {
      "mean": 55.040000000000006,
      "std": 10.015108586530651,
      "min": 39.2,
      "max": 71.2,
      "median": 53.75
    },
    "SA": {
      "mean": 41.14999999999999,
      "std": 5.347943529993563,
      "min": 31.4,
      "max": 50.1,
      "median": 40.650000000000006
    }
  }
}