{
  "n_questions": 210,
  "n_models": 10,
  "dimensions": {
    "VK": "Vulnerability Knowledge",
    "TI": "Threat Intelligence",
    "SC": "Secure Coding",
    "IR": "Incident Response",
    "CG": "Compliance & GRC",
    "FA": "Forensic Analysis",
    "SA": "Security Architecture"
  },
  "model_scores": {
    "GPT-4o": {
      "dimensions": {
        "VK": {
          "mcq": 0.6666666666666666,
          "scenario": 0.7333333333333333,
          "overall": 0.7,
          "n": 30
        },
        "TI": {
          "mcq": 0.6333333333333333,
          "scenario": 0.6666666666666666,
          "overall": 0.6499999999999999,
          "n": 30
        },
        "SC": {
          "mcq": 0.8,
          "scenario": 0.7666666666666667,
          "overall": 0.7833333333333334,
          "n": 30
        },
        "IR": {
          "mcq": 0.6,
          "scenario": 0.6333333333333333,
          "overall": 0.6166666666666667,
          "n": 30
        },
        "CG": {
          "mcq": 0.5,
          "scenario": 0.36666666666666664,
          "overall": 0.43333333333333335,
          "n": 30
        },
        "FA": {
          "mcq": 0.7,
          "scenario": 0.6333333333333333,
          "overall": 0.6666666666666666,
          "n": 30
        },
        "SA": {
          "mcq": 0.36666666666666664,
          "scenario": 0.4,
          "overall": 0.3833333333333333,
          "n": 30
        }
      },
      "aggregate": 0.6047619047619047,
      "mcq_aggregate": 0.6095238095238094,
      "scenario_aggregate": 0.6
    },
    "Claude-3.5-Sonnet": {
      "dimensions": {
        "VK": {
          "mcq": 0.6333333333333333,
          "scenario": 0.6333333333333333,
          "overall": 0.6333333333333333,
          "n": 30
        },
        "TI": {
          "mcq": 0.6333333333333333,
          "scenario": 0.6666666666666666,
          "overall": 0.6499999999999999,
          "n": 30
        },
        "SC": {
          "mcq": 0.7666666666666667,
          "scenario": 0.9,
          "overall": 0.8333333333333334,
          "n": 30
        },
        "IR": {
          "mcq": 0.7666666666666667,
          "scenario": 0.6,
          "overall": 0.6833333333333333,
          "n": 30
        },
        "CG": {
          "mcq": 0.43333333333333335,
          "scenario": 0.5,
          "overall": 0.4666666666666667,
          "n": 30
        },
        "FA": {
          "mcq": 0.5333333333333333,
          "scenario": 0.6,
          "overall": 0.5666666666666667,
          "n": 30
        },
        "SA": {
          "mcq": 0.4666666666666667,
          "scenario": 0.4666666666666667,
          "overall": 0.4666666666666667,
          "n": 30
        }
      },
      "aggregate": 0.6142857142857142,
      "mcq_aggregate": 0.6047619047619047,
      "scenario_aggregate": 0.6238095238095237
    },
    "Gemini-1.5-Pro": {
      "dimensions": {
        "VK": {
          "mcq": 0.5,
          "scenario": 0.4666666666666667,
          "overall": 0.48333333333333334,
          "n": 30
        },
        "TI": {
          "mcq": 0.5666666666666667,
          "scenario": 0.5333333333333333,
          "overall": 0.55,
          "n": 30
        },
        "SC": {
          "mcq": 0.7,
          "scenario": 0.6333333333333333,
          "overall": 0.6666666666666666,
          "n": 30
        },
        "IR": {
          "mcq": 0.4666666666666667,
          "scenario": 0.5666666666666667,
          "overall": 0.5166666666666666,
          "n": 30
        },
        "CG": {
          "mcq": 0.4,
          "scenario": 0.26666666666666666,
          "overall": 0.33333333333333337,
          "n": 30
        },
        "FA": {
          "mcq": 0.7333333333333333,
          "scenario": 0.4666666666666667,
          "overall": 0.6,
          "n": 30
        },
        "SA": {
          "mcq": 0.5,
          "scenario": 0.16666666666666666,
          "overall": 0.3333333333333333,
          "n": 30
        }
      },
      "aggregate": 0.4976190476190477,
      "mcq_aggregate": 0.5523809523809524,
      "scenario_aggregate": 0.4428571428571429
    },
    "Llama-3-70B": {
      "dimensions": {
        "VK": {
          "mcq": 0.5666666666666667,
          "scenario": 0.4,
          "overall": 0.48333333333333334,
          "n": 30
        },
        "TI": {
          "mcq": 0.5333333333333333,
          "scenario": 0.4,
          "overall": 0.4666666666666667,
          "n": 30
        },
        "SC": {
          "mcq": 0.6,
          "scenario": 0.5666666666666667,
          "overall": 0.5833333333333333,
          "n": 30
        },
        "IR": {
          "mcq": 0.5666666666666667,
          "scenario": 0.3333333333333333,
          "overall": 0.44999999999999996,
          "n": 30
        },
        "CG": {
          "mcq": 0.3333333333333333,
          "scenario": 0.3,
          "overall": 0.31666666666666665,
          "n": 30
        },
        "FA": {
          "mcq": 0.5666666666666667,
          "scenario": 0.3,
          "overall": 0.43333333333333335,
          "n": 30
        },
        "SA": {
          "mcq": 0.3333333333333333,
          "scenario": 0.1,
          "overall": 0.21666666666666667,
          "n": 30
        }
      },
      "aggregate": 0.42142857142857143,
      "mcq_aggregate": 0.5000000000000001,
      "scenario_aggregate": 0.34285714285714286
    },
    "DeepSeek-V2": {
      "dimensions": {
        "VK": {
          "mcq": 0.6333333333333333,
          "scenario": 0.4666666666666667,
          "overall": 0.55,
          "n": 30
        },
        "TI": {
          "mcq": 0.5,
          "scenario": 0.3333333333333333,
          "overall": 0.41666666666666663,
          "n": 30
        },
        "SC": {
          "mcq": 0.8,
          "scenario": 0.7,
          "overall": 0.75,
          "n": 30
        },
        "IR": {
          "mcq": 0.5,
          "scenario": 0.4666666666666667,
          "overall": 0.48333333333333334,
          "n": 30
        },
        "CG": {
          "mcq": 0.4,
          "scenario": 0.4666666666666667,
          "overall": 0.43333333333333335,
          "n": 30
        },
        "FA": {
          "mcq": 0.6,
          "scenario": 0.4666666666666667,
          "overall": 0.5333333333333333,
          "n": 30
        },
        "SA": {
          "mcq": 0.3333333333333333,
          "scenario": 0.3,
          "overall": 0.31666666666666665,
          "n": 30
        }
      },
      "aggregate": 0.4976190476190476,
      "mcq_aggregate": 0.5380952380952382,
      "scenario_aggregate": 0.4571428571428572
    },
    "Mixtral-8x22B": {
      "dimensions": {
        "VK": {
          "mcq": 0.6333333333333333,
          "scenario": 0.4,
          "overall": 0.5166666666666666,
          "n": 30
        },
        "TI": {
          "mcq": 0.4,
          "scenario": 0.36666666666666664,
          "overall": 0.3833333333333333,
          "n": 30
        },
        "SC": {
          "mcq": 0.36666666666666664,
          "scenario": 0.5666666666666667,
          "overall": 0.4666666666666667,
          "n": 30
        },
        "IR": {
          "mcq": 0.4,
          "scenario": 0.23333333333333334,
          "overall": 0.31666666666666665,
          "n": 30
        },
        "CG": {
          "mcq": 0.36666666666666664,
          "scenario": 0.13333333333333333,
          "overall": 0.25,
          "n": 30
        },
        "FA": {
          "mcq": 0.4666666666666667,
          "scenario": 0.23333333333333334,
          "overall": 0.35,
          "n": 30
        },
        "SA": {
          "mcq": 0.4,
          "scenario": 0.3333333333333333,
          "overall": 0.3666666666666667,
          "n": 30
        }
      },
      "aggregate": 0.37857142857142856,
      "mcq_aggregate": 0.4333333333333333,
      "scenario_aggregate": 0.3238095238095238
    },
    "Qwen-2-72B": {
      "dimensions": {
        "VK": {
          "mcq": 0.3333333333333333,
          "scenario": 0.36666666666666664,
          "overall": 0.35,